codmun,coduf,municipios,nnae_2009,nnae_2019
110001,11, ALTA FLORESTA D'OESTE,3,10
110002,11, ARIQUEMES,1,15
110004,11, CACOAL,5,18
110005,11, CEREJEIRAS,1,1
110006,11, COLORADO DO OESTE,2,4
110008,11, COSTA MARQUES,3,9
110009,11, ESPIGAO D'OESTE,6,17
110010,11, GUAJARA-MIRIM,1,10
110011,11, JARU,2,8
110012,11, JI-PARANA,1,29
110013,11, MACHADINHO D'OESTE,4,5
110014,11, NOVA BRASILANDIA D'OESTE,9,8
110018,11, PIMENTA BUENO,1,13
110020,11, PORTO VELHO,6,25
110025,11, PRESIDENTE MEDICI,4,1
110028,11, ROLIM DE MOURA,4,15
110029,11, SANTA LUZIA D'OESTE,1,4
110030,11, VILHENA,7,21
110037,11, ALTO ALEGRE DOS PARECIS,2,15
110050,11, NOVO HORIZONTE DO OESTE,3,1
110094,11, CUJUBIM,6,9
110100,11, GOVERNADOR JORGE TEIXEIRA,2,4
110110,11, ITAPUA DO OESTE,1,4
110130,11, MIRANTE DA SERRA,1,9
110140,11, MONTE NEGRO,1,10
110143,11, NOVA UNIAO,2,6
110145,11, PARECIS,2,2
110149,11, SAO FRANCISCO DO GUAPORE,1,7
110150,11, SERINGUEIRAS,1,2
110170,11, URUPA,2,2
110175,11, VALE DO ANARI,1,3
120001,12, ACRELANDIA,3,16
120010,12, BRASILEIA,16,42
120020,12, CRUZEIRO DO SUL,12,31
120032,12, JORDAO,2,2
120035,12, MARECHAL THAUMATURGO,3,6
120038,12, PLACIDO DE CASTRO,2,8
120040,12, RIO BRANCO,42,106
120042,12, RODRIGUES ALVES,1,3
120050,12, SENA MADUREIRA,9,11
120070,12, XAPURI,5,18
130002,13, ALVARAES,6,5
130008,13, ANAMA,2,5
130014,13, APUI,15,95
130030,13, AUTAZES,2,8
130040,13, BARCELOS,2,4
130060,13, BENJAMIN CONSTANT,10,11
130080,13, BORBA,1,9
130090,13, CANUTAMA,2,2
130100,13, CARAUARI,4,11
130110,13, CAREIRO,1,4
130120,13, COARI,5,5
130130,13, CODAJAS,2,3
130140,13, EIRUNEPE,2,6
130170,13, HUMAITA,5,17
130185,13, IRANDUBA,7,12
130190,13, ITACOATIARA,8,56
130195,13, ITAMARATI,1,9
130200,13, ITAPIRANGA,1,11
130230,13, JUTAI,4,5
130240,13, LABREA,6,7
130250,13, MANACAPURU,10,6
130255,13, MANAQUIRI,4,2
130260,13, MANAUS,91,12
130270,13, MANICORE,1,2
130290,13, MAUES,3,3
130330,13, NOVO ARIPUANA,1,2
130340,13, PARINTINS,24,31
130353,13, PRESIDENTE FIGUEIREDO,2,7
130356,13, RIO PRETO DA EVA,13,28
130360,13, SANTA ISABEL DO RIO NEGRO,4,8
130370,13, SANTO ANTONIO DO ICA,1,2
130380,13, SAO GABRIEL DA CACHOEIRA,2,22
130390,13, SAO PAULO DE OLIVENCA,4,5
130400,13, SILVES,3,6
130420,13, TEFE,2,11
130426,13, UARINI,4,3
130430,13, URUCARA,1,12
140002,14, AMAJARI,2,5
140010,14, BOA VISTA,26,196
140017,14, CANTA,1,1
140023,14, CAROEBE,5,1
140030,14, MUCAJAI,3,26
140045,14, PACARAIMA,1,8
140047,14, RORAINOPOLIS,3,9
140050,14, SAO JOAO DA BALIZA,1,3
140070,14, UIRAMUTA,1,2
150010,15, ABAETETUBA,6,8
150020,15, ACARA,2,7
150030,15, AFUA,7,5
150040,15, ALENQUER,14,13
150050,15, ALMEIRIM,92,66
150060,15, ALTAMIRA,100,186
150080,15, ANANINDEUA,5,4
150085,15, ANAPU,13,14
150095,15, AURORA DO PARA,2,8
150100,15, AVEIRO,31,20
150120,15, BAIAO,1,5
150130,15, BARCARENA,7,12
150140,15, BELEM,32,29
150145,15, BELTERRA,50,30
150150,15, BENEVIDES,14,4
150170,15, BRAGANCA,5,12
150172,15, BRASIL NOVO,100,132
150178,15, BREU BRANCO,1,1
150180,15, BREVES,19,31
150210,15, CAMETA,10,9
150220,15, CAPANEMA,2,39
150230,15, CAPITAO POCO,1,1
150240,15, CASTANHAL,27,63
150260,15, COLARES,4,2
150270,15, CONCEICAO DO ARAGUAIA,4,4
150275,15, CONCORDIA DO PARA,3,4
150280,15, CURRALINHO,5,5
150290,15, CURUCA,1,15
150309,15, GOIANESIA DO PARA,1,3
150320,15, IGARAPE-ACU,4,13
150345,15, IPIXUNA DO PARA,2,5
150350,15, IRITUIA,6,5
150360,15, ITAITUBA,16,53
150370,15, ITUPIRANGA,5,8
150375,15, JACAREACANGA,12,24
150390,15, JURUTI,18,33
150420,15, MARABA,10,20
150442,15, MARITUBA,12,6
150445,15, MEDICILANDIA,164,143
150450,15, MELGACO,9,3
150460,15, MOCAJUBA,1,2
150470,15, MOJU,2,10
150480,15, MONTE ALEGRE,68,45
150490,15, MUANA,14,22
150495,15, NOVA ESPERANCA DO PIRIA,2,9
150497,15, NOVA IPIXUNA,2,2
150503,15, NOVO PROGRESSO,41,66
150506,15, NOVO REPARTIMENTO,7,19
150510,15, OBIDOS,1,4
150520,15, OEIRAS DO PARA,4,7
150530,15, ORIXIMINA,1,9
150540,15, OUREM,4,1
150548,15, PACAJA,4,18
150550,15, PARAGOMINAS,2,8
150553,15, PARAUAPEBAS,6,6
150565,15, PLACAS,41,61
150570,15, PONTA DE PEDRAS,12,9
150580,15, PORTEL,2,2
150590,15, PORTO DE MOZ,2,9
150600,15, PRAINHA,29,119
150619,15, RUROPOLIS,87,89
150620,15, SALINOPOLIS,3,4
150630,15, SALVATERRA,3,1
150635,15, SANTA BARBARA DO PARA,9,5
150670,15, SANTANA DO ARAGUAIA,1,5
150680,15, SANTAREM,160,123
150720,15, SAO DOMINGOS DO CAPIM,5,1
150730,15, SAO FELIX DO XINGU,11,14
150747,15, SAO JOAO DE PIRABAS,1,5
150770,15, SAO SEBASTIAO DA BOA VISTA,6,10
150780,15, SENADOR JOSE PORFIRIO,2,7
150795,15, TAILANDIA,5,22
150800,15, TOME-ACU,4,9
150805,15, TRAIRAO,101,99
150810,15, TUCURUI,4,4
150815,15, URUARA,139,72
150820,15, VIGIA,2,5
150835,15, VITORIA DO XINGU,7,64
160015,16, PEDRA BRANCA DO AMAPARI,4,12
160021,16, CUTIAS,8,24
160027,16, LARANJAL DO JARI,46,91
160030,16, MACAPA,43,80
160040,16, MAZAGAO,2,30
160050,16, OIAPOQUE,1,10
160053,16, PORTO GRANDE,20,18
160060,16, SANTANA,15,19
160070,16, TARTARUGALZINHO,7,13
170035,17, ALIANCA DO TOCANTINS,2,16
170100,17, ANANAS,1,2
170190,17, ARAGUACEMA,1,3
170200,17, ARAGUACU,14,47
170210,17, ARAGUAINA,51,210
170240,17, ARRAIAS,2,30
170270,17, AURORA DO TOCANTINS,1,22
170300,17, BABACULANDIA,1,4
170384,17, CAMPOS LINDOS,1,12
170460,17, CHAPADA DE AREIA,1,10
170550,17, COLINAS DO TOCANTINS,10,18
170560,17, CONCEICAO DO TOCANTINS,14,32
170610,17, CRISTALANDIA,2,6
170625,17, CRIXAS DO TOCANTINS,5,4
170650,17, DARCINOPOLIS,1,21
170700,17, DIANOPOLIS,13,44
170710,17, DIVINOPOLIS DO TOCANTINS,2,19
170730,17, DUERE,7,18
170820,17, FORMOSO DO ARAGUAIA,12,30
170900,17, GOIATINS,2,9
170930,17, GUARAI,1,30
170950,17, GURUPI,5,37
170980,17, IPUEIRAS,1,15
171050,17, ITACAJA,1,5
171150,17, JAU DO TOCANTINS,2,11
171190,17, LAGOA DA CONFUSAO,4,21
171195,17, LAGOA DO TOCANTINS,2,12
171215,17, LAVANDEIRA,2,4
171250,17, MARIANOPOLIS DO TOCANTINS,2,3
171320,17, MIRACEMA DO TOCANTINS,4,37
171330,17, MIRANORTE,3,2
171360,17, MONTE DO CARMO,1,35
171420,17, NATIVIDADE,12,64
171550,17, OLIVEIRA DE FATIMA,1,1
171575,17, PALMEIROPOLIS,8,2
171610,17, PARAISO DO TOCANTINS,7,45
171620,17, PARANA,3,23
171650,17, PEDRO AFONSO,3,37
171660,17, PEIXE,2,37
171750,17, PIUM,1,11
171790,17, PONTE ALTA DO TOCANTINS,4,13
171820,17, PORTO NACIONAL,51,141
171889,17, SANTA RITA DO TOCANTINS,2,14
172010,17, SAO BENTO DO TOCANTINS,1,4
172025,17, SAO SALVADOR DO TOCANTINS,3,8
172065,17, SILVANOPOLIS,15,34
172090,17, TAGUATINGA,6,24
172097,17, TALISMA,4,7
172100,17, PALMAS,126,354
172120,17, TOCANTINOPOLIS,10,64
172130,17, TUPIRATINS,3,1
172208,17, WANDERLANDIA,6,2
210010,21, AFONSO CUNHA,1,52
210080,21, ANAPURUS,1,60
210090,21, ARAIOSES,2,7
210130,21, BACURI,1,9
210140,21, BALSAS,23,132
210160,21, BARRA DO CORDA,1,45
210170,21, BARREIRINHAS,4,16
210230,21, BURITI BRAVO,25,87
210300,21, CAXIAS,10,147
210320,21, CHAPADINHA,5,42
210330,21, CODO,8,64
210340,21, COELHO NETO,9,198
210350,21, COLINAS,2,21
210360,21, COROATA,11,31
210370,21, CURURUPU,13,13
210390,21, DUQUE BACELAR,2,7
210405,21, ESTREITO,1,7
210408,21, FERNANDO FALCAO,3,1
210409,21, FORMOSA DA SERRA NEGRA,1,22
210480,21, GRAJAU,10,93
210540,21, ITAPECURU MIRIM,5,12
210610,21, LORETO,1,8
210630,21, MAGALHAES DE ALMEIDA,7,2
210640,21, MATA ROMA,3,4
210667,21, MILAGRES DO MARANHAO,11,16
210700,21, MONTES ALTOS,1,8
210720,21, NINA RODRIGUES,4,7
210770,21, PARAIBANO,5,24
210780,21, PARNARAMA,2,6
210860,21, PINHEIRO,6,18
210905,21, PORTO RICO DO MARANHAO,1,7
210910,21, PRESIDENTE DUTRA,2,47
210950,21, RIACHAO,4,5
211010,21, SANTA QUITERIA DO MARANHAO,9,4
211023,21, SANTANA DO MARANHAO,5,17
211070,21, SAO DOMINGOS DO MARANHAO,5,2
211110,21, SAO JOAO DOS PATOS,2,9
211130,21, SAO LUIS,3,33
211153,21, SAO PEDRO DA AGUA BRANCA,1,2
211157,21, SAO PEDRO DOS CRENTES,2,10
211160,21, SAO RAIMUNDO DAS MANGABEIRAS,1,32
211170,21, SAO VICENTE FERRER,1,1
211180,21, SITIO NOVO,1,12
211190,21, SUCUPIRA DO NORTE,2,1
211200,21, TASSO FRAGOSO,1,7
211260,21, URBANO SANTOS,1,3
211270,21, VARGEM GRANDE,2,37
211280,21, VIANA,1,2
220020,22, AGUA BRANCA,2,2
220030,22, ALTO LONGA,5,36
220040,22, ALTOS,2,60
220045,22, ALVORADA DO GURGUEIA,5,5
220060,22, ANGICAL DO PIAUI,2,6
220110,22, AVELINO LOPES,2,13
220120,22, BARRAS,46,11
220177,22, BOA HORA,14,30
220190,22, BOM JESUS,24,125
220194,22, BOQUEIRAO DO PIAUI,2,3
220205,22, CABECEIRAS DO PIAUI,5,87
220220,22, CAMPO MAIOR,10,33
220230,22, CANTO DO BURITI,1,92
220260,22, CASTELO DO PIAUI,7,4
220290,22, CORRENTE,2,17
220345,22, DOM INOCENCIO,4,8
220370,22, ESPERANTINA,4,7
220390,22, FLORIANO,16,70
220470,22, INHUMA,43,45
220480,22, IPIRANGA DO PIAUI,3,1
220510,22, ITAUEIRA,66,55
220550,22, JOSE DE FREITAS,47,44
220552,22, JULIO BORGES,20,27
220570,22, LUIS CORREIA,1,1
220600,22, MARCOS PARENTE,2,1
220610,22, MATIAS OLIMPIO,2,5
220660,22, MONTE ALEGRE DO PIAUI,1,6
220665,22, MORRO CABECA NO TEMPO,5,2
220667,22, MORRO DO CHAPEU DO PIAUI,10,2
220735,22, PAJEU DO PIAUI,6,19
220760,22, PARNAGUA,4,19
220770,22, PARNAIBA,1,33
220785,22, PAVUSSU,3,20
220790,22, PEDRO II,2,59
220800,22, PICOS,99,295
220810,22, PIMENTEIRAS,7,20
220840,22, PIRIPIRI,34,41
220870,22, REDENCAO DO GURGUEIA,1,17
220960,22, SAO FELIX DO PIAUI,5,7
220975,22, SAO GONCALO DO GURGUEIA,1,2
221070,22, SIMOES,1,3
221080,22, SIMPLICIO MENDES,1,32
221097,22, TANQUE DO PIAUI,3,3
221100,22, TERESINA,6,211
221130,22, VALENCA DO PIAUI,12,130
221135,22, VARZEA BRANCA,5,17
230040,23, AIUABA,2,12
230075,23, AMONTADA,2,17
230110,23, ARACATI,6,59
230120,23, ARACOIABA,1,5
230140,23, ARATUBA,1,15
230180,23, BAIXIO,1,2
230190,23, BARBALHA,2,252
230205,23, BARROQUINHA,2,13
230210,23, BATURITE,1,11
230230,23, BELA CRUZ,1,13
230250,23, BREJO SANTO,1,42
230260,23, CAMOCIM,1,12
230280,23, CANINDE,15,45
230340,23, CARNAUBAL,4,18
230350,23, CASCAVEL,1,19
230360,23, CATARINA,3,27
230410,23, CRATEUS,2,67
230420,23, CRATO,11,283
230423,23, CROATA,3,21
230427,23, ERERE,2,6
230440,23, FORTALEZA,431,4056
230500,23, GUARACIABA DO NORTE,4,6
230533,23, IBICUITINGA,2,3
230535,23, ICAPUI,6,98
230550,23, IGUATU,7,74
230560,23, INDEPENDENCIA,1,11
230580,23, IPU,2,16
230625,23, ITAITINGA,2,1
230640,23, ITAPIPOCA,2,18
230650,23, ITAPIUNA,2,10
230655,23, ITAREMA,1,5
230670,23, JAGUARETAMA,1,5
230690,23, JAGUARIBE,8,30
230700,23, JAGUARUANA,3,43
230710,23, JARDIM,1,9
230730,23, JUAZEIRO DO NORTE,10,407
230740,23, JUCAS,1,23
230760,23, LIMOEIRO DO NORTE,29,93
230765,23, MARACANAU,7,67
230837,23, MIRAIMA,2,2
230870,23, MORADA NOVA,1,2
230930,23, NOVA RUSSAS,1,32
230940,23, NOVO ORIENTE,1,7
230980,23, PACOTI,1,2
231050,23, PEDRA BRANCA,3,20
231080,23, PEREIRO,2,31
231110,23, PORTEIRAS,2,22
231130,23, QUIXADA,2,23
231140,23, QUIXERAMOBIM,4,5
231150,23, QUIXERE,2,40
231170,23, RERIUTABA,1,9
231180,23, RUSSAS,25,70
231195,23, SALITRE,1,2
231210,23, SANTANA DO CARIRI,4,2
231230,23, SAO BENEDITO,2,35
231240,23, SAO GONCALO DO AMARANTE,1,42
231290,23, SOBRAL,69,48
231300,23, SOLONOPOLE,1,4
231320,23, TAMBORIL,2,17
231330,23, TAUA,1,26
231340,23, TIANGUA,1,24
231355,23, TURURU,1,7
231410,23, VICOSA DO CEARA,2,5
240020,24, ACU,4,51
240260,24, CEARA-MIRIM,36,176
240325,24, PARNAMIRIM,60,78
240420,24, GOIANINHA,9,1
240450,24, GUAMARE,1,9
240580,24, JOAO CAMARA,5,15
240680,24, LAJES PINTADAS,1,2
240700,24, LUIS GOMES,2,1
240710,24, MACAIBA,34,161
240800,24, MOSSORO,7,138
240810,24, NATAL,1996,3759
240880,24, PARAZINHO,1,5
240940,24, PAU DOS FERROS,6,78
241120,24, SANTA CRUZ,3,76
241150,24, SANTO ANTONIO,7,37
241220,24, SAO JOSE DE MIPIBU,11,120
241230,24, SAO JOSE DO CAMPESTRE,1,26
241255,24, SAO MIGUEL DO GOSTOSO,1,2
241370,24, SITIO NOVO,1,4
250030,25, ALAGOA GRANDE,3,96
250040,25, ALAGOA NOVA,2,57
250100,25, ARARUNA,1,41
250150,25, BANANEIRAS,3,12
250400,25, CAMPINA GRANDE,403,1497
250430,25, CATOLE DO ROCHA,1,15
250630,25, GUARABIRA,77,301
250690,25, ITABAIANA,2,50
250750,25, JOAO PESSOA,569,2722
250800,25, JURU,4,28
250970,25, MONTEIRO,3,77
251010,25, NOVA FLORESTA,4,24
251140,25, PICUI,2,80
251270,25, REMIGIO,2,17
251560,25, SERRA DA RAIZ,1,2
251630,25, SUME,6,37
260010,26, AFOGADOS DA INGAZEIRA,3,161
260020,26, AFRANIO,3,25
260040,26, AGUA PRETA,17,80
260050,26, AGUAS BELAS,1,79
260070,26, ALIANCA,6,1
260080,26, ALTINHO,11,53
260110,26, ARARIPINA,1,6
260120,26, ARCOVERDE,30,389
260140,26, BARREIROS,42,14
260150,26, BELEM DE MARIA,1,9
260160,26, BELEM DE SAO FRANCISCO,1,6
260170,26, BELO JARDIM,92,231
260190,26, BEZERROS,2,156
260200,26, BODOCO,4,31
260230,26, BONITO,19,8
260260,26, BREJO DA MADRE DE DEUS,2,119
260290,26, CABO DE SANTO AGOSTINHO,66,474
260300,26, CABROBO,2,19
260390,26, CARNAIBA,8,33
260400,26, CARPINA,68,449
260410,26, CARUARU,273,684
260430,26, CEDRO,6,8
260440,26, CHA DE ALEGRIA,2,68
260450,26, CHA GRANDE,8,27
260460,26, CONDADO,78,117
260510,26, CUSTODIA,1,42
260515,26, DORMENTES,1,30
260530,26, EXU,1,69
260540,26, FEIRA NOVA,8,66
260570,26, FLORESTA,1,6
260600,26, GARANHUNS,3,576
260620,26, GOIANA,132,454
260640,26, GRAVATA,64,132
260670,26, IBIRAJUBA,2,1
260680,26, IGARASSU,235,85
260720,26, IPOJUCA,20,388
260760,26, ILHA DE ITAMARACA,18,105
260765,26, ITAMBE,102,146
260775,26, ITAPISSUMA,40,115
260780,26, ITAQUITINGA,36,67
260790,26, JABOATAO DOS GUARARAPES,299,1155
260820,26, JOAQUIM NABUCO,1,23
260845,26, LAGOA DO CARRO,12,13
260860,26, LAGOA DO OURO,7,42
260890,26, LIMOEIRO,77,242
260940,26, MORENO,1,92
260960,26, OLINDA,209,273
260970,26, OROBO,1,1
260980,26, OROCO,1,26
260990,26, OURICURI,12,67
261000,26, PALMARES,21,349
261060,26, PAUDALHO,1,142
261070,26, PAULISTA,373,565
261090,26, PESQUEIRA,28,108
261110,26, PETROLINA,12,344
261130,26, POMBOS,11,22
261140,26, PRIMAVERA,6,5
261150,26, QUIPAPA,11,25
261160,26, RECIFE,2211,2725
261180,26, RIBEIRAO,3,83
261190,26, RIO FORMOSO,2,75
261220,26, SALGUEIRO,15,94
261240,26, SANHARO,1,64
261250,26, SANTA CRUZ DO CAPIBARIBE,23,220
261260,26, SANTA MARIA DA BOA VISTA,3,83
261300,26, SAO BENTO DO UNA,3,85
261310,26, SAO CAITANO,67,145
261350,26, SAO JOSE DO BELMONTE,3,13
261370,26, SAO LOURENCO DA MATA,2,249
261450,26, SURUBIM,1,113
261460,26, TABIRA,2,7
261500,26, TAQUARITINGA DO NORTE,5,13
261530,26, TIMBAUBA,15,256
261560,26, TRINDADE,1,77
261640,26, VITORIA DE SANTO ANTAO,316,587
270030,27, ARAPIRACA,837,1594
270040,27, ATALAIA,2,96
270100,27, BOCA DA MATA,1,19
270110,27, BRANQUINHA,4,4
270140,27, CAMPO ALEGRE,18,262
270190,27, CHA PRETA,3,2
270200,27, COITE DO NOIA,1,3
270210,27, COLONIA LEOPOLDINA,13,1
270220,27, COQUEIRO SECO,3,12
270230,27, CORURIPE,3,8
270235,27, CRAIBAS,1,6
270310,27, IGACI,1,7
270320,27, IGREJA NOVA,2,53
270360,27, JAPARATINGA,3,2
270375,27, JEQUIA DA PRAIA,2,10
270380,27, JOAQUIM GOMES,13,17
270400,27, JUNQUEIRO,78,102
270410,27, LAGOA DA CANOA,1,31
270420,27, LIMOEIRO DE ANADIA,3,18
270430,27, MACEIO,1989,4484
270470,27, MARECHAL DEODORO,7,222
270500,27, MATA GRANDE,1,29
270630,27, PALMEIRA DOS INDIOS,73,322
270644,27, PARIPUEIRA,3,102
270650,27, PASSO DE CAMARAGIBE,1,34
270660,27, PAULO JACINTO,16,16
270670,27, PENEDO,130,264
270730,27, PORTO CALVO,4,24
270760,27, QUEBRANGULO,28,36
270770,27, RIO LARGO,36,228
270780,27, ROTEIRO,7,4
270810,27, SANTANA DO MUNDAU,1,4
270830,27, SAO JOSE DA LAJE,13,80
270850,27, SAO LUIS DO QUITUNDE,29,45
270860,27, SAO MIGUEL DOS CAMPOS,35,181
270890,27, SATUBA,5,1
270910,27, TAQUARANA,1,11
270915,27, TEOTONIO VILELA,400,455
280030,28, ARACAJU,293,933
280067,28, BOQUIM,1,1
280120,28, CANINDE DE SAO FRANCISCO,4,9
280140,28, CARIRA,14,27
280270,28, ILHA DAS FLORES,1,2
280290,28, ITABAIANA,72,32
280350,28, LAGARTO,32,63
280360,28, LARANJEIRAS,5,9
280440,28, NEOPOLIS,13,36
280480,28, NOSSA SENHORA DO SOCORRO,2,347
280670,28, SAO CRISTOVAO,1,5
290010,29, ABAIRA,6,52
290020,29, ABARE,3,30
290035,29, ADUSTINA,1,18
290050,29, ERICO CARDOSO,37,121
290070,29, ALAGOINHAS,1,33
290080,29, ALCOBACA,1,2
290100,29, AMARGOSA,155,291
290110,29, AMELIA RODRIGUES,1,6
290115,29, AMERICA DOURADA,3,48
290120,29, ANAGE,26,155
290130,29, ANDARAI,25,64
290135,29, ANDORINHA,1,18
290140,29, ANGICAL,20,53
290150,29, ANGUERA,16,20
290160,29, ANTAS,1,19
290170,29, ANTONIO CARDOSO,1,7
290180,29, ANTONIO GONCALVES,2,6
290200,29, ARACATU,3,97
290205,29, ARACAS,1,14
290210,29, ARACI,1,84
290250,29, BAIANOPOLIS,34,94
290260,29, BAIXA GRANDE,113,146
290265,29, BANZAE,1,7
290270,29, BARRA,3,79
290280,29, BARRA DA ESTIVA,27,42
290290,29, BARRA DO CHOCA,2,180
290300,29, BARRA DO MENDES,17,23
290320,29, BARREIRAS,78,549
290323,29, BARRO ALTO,4,3
290327,29, BARROCAS,4,2
290340,29, BELMONTE,5,4
290350,29, BELO CAMPO,39,188
290360,29, BIRITINGA,5,39
290370,29, BOA NOVA,15,25
290380,29, BOA VISTA DO TUPIM,58,98
290390,29, BOM JESUS DA LAPA,58,187
290395,29, BOM JESUS DA SERRA,138,143
290400,29, BONINAL,161,146
290405,29, BONITO,19,77
290410,29, BOQUIRA,8,33
290420,29, BOTUPORA,117,216
290430,29, BREJOES,42,97
290440,29, BREJOLANDIA,40,27
290450,29, BROTAS DE MACAUBAS,2,19
290460,29, BRUMADO,63,185
290470,29, BUERAREMA,1,1
290480,29, CAATIBA,5,16
290485,29, CABACEIRAS DO PARAGUACU,1,10
290490,29, CACHOEIRA,2,1
290500,29, CACULE,314,160
290515,29, CAETANOS,7,55
290520,29, CAETITE,268,246
290530,29, CAFARNAUM,25,50
290540,29, CAIRU,2,6
290550,29, CALDEIRAO GRANDE,4,28
290560,29, CAMACAN,3,17
290570,29, CAMACARI,12,44
290580,29, CAMAMU,9,13
290590,29, CAMPO ALEGRE DE LOURDES,52,40
290600,29, CAMPO FORMOSO,20,106
290610,29, CANAPOLIS,1,22
290620,29, CANARANA,2,38
290640,29, CANDEAL,6,19
290650,29, CANDEIAS,16,29
290660,29, CANDIBA,22,7
290670,29, CANDIDO SALES,83,140
290685,29, CAPELA DO ALTO ALEGRE,10,14
290687,29, CAPIM GROSSO,3,15
290689,29, CARAIBAS,1,72
290690,29, CARAVELAS,9,16
290710,29, CARINHANHA,5,118
290720,29, CASA NOVA,8,10
290730,29, CASTRO ALVES,18,57
290740,29, CATOLANDIA,5,13
290750,29, CATU,18,28
290755,29, CATURAMA,6,39
290780,29, CICERO DANTAS,1,30
290800,29, COARACI,2,14
290810,29, COCOS,37,47
290820,29, CONCEICAO DA FEIRA,3,7
290870,29, CONDEUBA,267,255
290900,29, CORDEIROS,39,97
290910,29, CORIBE,11,36
290930,29, CORRENTINA,48,142
290940,29, COTEGIPE,39,64
290950,29, CRAVOLANDIA,9,18
290970,29, CRISTOPOLIS,10,30
290980,29, CRUZ DAS ALMAS,11,278
290990,29, CURACA,5,37
291000,29, DARIO MEIRA,6,24
291010,29, DOM BASILIO,15,64
291030,29, ELISIO MEDRADO,8,44
291040,29, ENCRUZILHADA,77,83
291050,29, ENTRE RIOS,2,8
291072,29, EUNAPOLIS,65,173
291077,29, FEIRA DA MATA,14,3
291080,29, FEIRA DE SANTANA,224,444
291085,29, FILADELFIA,2,10
291090,29, FIRMINO ALVES,1,2
291100,29, FLORESTA AZUL,2,16
291110,29, FORMOSA DO RIO PRETO,3,50
291120,29, GANDU,4,6
291130,29, GENTIO DO OURO,1,5
291150,29, GONGOGI,1,6
291160,29, GOVERNADOR MANGABEIRA,22,59
291165,29, GUAJERU,89,89
291170,29, GUANAMBI,61,357
291180,29, GUARATINGA,4,12
291190,29, IACU,20,62
291200,29, IBIASSUCE,393,62
291210,29, IBICARAI,2,11
291220,29, IBICOARA,11,57
291230,29, IBICUI,6,20
291250,29, IBIPITANGA,8,30
291260,29, IBIQUERA,33,11
291270,29, IBIRAPITANGA,1,11
291280,29, IBIRAPUA,3,22
291310,29, IBITITA,4,3
291320,29, IBOTIRAMA,27,5
291330,29, ICHU,5,1
291340,29, IGAPORA,124,59
291345,29, IGRAPIUNA,5,4
291350,29, IGUAI,4,16
291360,29, ILHEUS,11,22
291380,29, IPECAETA,17,11
291390,29, IPIAU,98,204
291400,29, IPIRA,11,16
291410,29, IPUPIARA,1,12
291420,29, IRAJUBA,36,73
291430,29, IRAMAIA,28,17
291440,29, IRAQUARA,47,125
291450,29, IRARA,10,69
291460,29, IRECE,25,37
291465,29, ITABELA,4,17
291470,29, ITABERABA,26,225
291480,29, ITABUNA,73,60
291490,29, ITACARE,1,6
291500,29, ITAETE,34,78
291510,29, ITAGI,9,62
291530,29, ITAGIMIRIM,6,16
291540,29, ITAJU DO COLONIA,32,34
291550,29, ITAJUIPE,1,1
291560,29, ITAMARAJU,2,22
291570,29, ITAMARI,2,1
291580,29, ITAMBE,8,60
291600,29, ITANHEM,8,26
291610,29, ITAPARICA,3,35
291630,29, ITAPEBI,8,23
291640,29, ITAPETINGA,44,166
291650,29, ITAPICURU,2,24
291660,29, ITAPITANGA,10,13
291670,29, ITAQUARA,2,18
291680,29, ITARANTIM,23,23
291685,29, ITATIM,18,3
291690,29, ITIRUCU,57,63
291710,29, ITORORO,17,20
291720,29, ITUACU,16,84
291730,29, ITUBERA,3,30
291735,29, JABORANDI,52,43
291740,29, JACARACI,107,227
291750,29, JACOBINA,21,122
291760,29, JAGUAQUARA,163,303
291770,29, JAGUARARI,8,42
291800,29, JEQUIE,169,530
291810,29, JEREMOABO,1,28
291820,29, JIQUIRICA,2,14
291835,29, JOAO DOURADO,2,104
291840,29, JUAZEIRO,25,149
291845,29, JUCURUCU,4,1
291855,29, JUSSARI,3,3
291860,29, JUSSIAPE,5,58
291870,29, LAFAIETE COUTINHO,3,17
291875,29, LAGOA REAL,167,126
291880,29, LAJE,6,43
291905,29, LAJEDO DO TABOCAL,47,77
291915,29, LAPAO,1,66
291930,29, LENCOIS,15,14
291940,29, LICINIO DE ALMEIDA,74,43
291950,29, LIVRAMENTO DE NOSSA SENHORA,39,148
291955,29, LUIS EDUARDO MAGALHAES,35,109
291960,29, MACAJUBA,71,18
291970,29, MACARANI,42,58
291980,29, MACAUBAS,19,163
291995,29, MAETINGA,73,130
292000,29, MAIQUINIQUE,15,45
292010,29, MAIRI,34,77
292020,29, MALHADA,2,10
292030,29, MALHADA DE PEDRAS,11,18
292040,29, MANOEL VITORINO,22,41
292045,29, MANSIDAO,4,1
292050,29, MARACAS,61,171
292080,29, MARCIONILIO SOUZA,40,74
292100,29, MATA DE SAO JOAO,3,21
292105,29, MATINA,53,81
292110,29, MEDEIROS NETO,68,109
292120,29, MIGUEL CALMON,23,65
292130,29, MILAGRES,31,54
292140,29, MIRANGABA,3,2
292150,29, MONTE SANTO,11,21
292170,29, MORRO DO CHAPEU,24,161
292180,29, MORTUGABA,82,6
292190,29, MUCUGE,26,50
292200,29, MUCURI,36,54
292205,29, MULUNGU DO MORRO,57,57
292210,29, MUNDO NOVO,4,15
292230,29, MURITIBA,3,4
292240,29, MUTUIPE,7,38
292250,29, NAZARE,27,22
292270,29, NOVA CANAA,9,53
292273,29, NOVA FATIMA,6,14
292280,29, NOVA ITARANA,13,43
292285,29, NOVA REDENCAO,51,35
292300,29, NOVA VICOSA,11,88
292303,29, NOVO HORIZONTE,9,1
292310,29, OLINDINA,1,15
292320,29, OLIVEIRA DOS BREJINHOS,2,15
292330,29, OURICANGAS,1,35
292335,29, OUROLANDIA,2,28
292340,29, PALMAS DE MONTE ALTO,4,75
292350,29, PALMEIRAS,26,7
292360,29, PARAMIRIM,44,47
292370,29, PARATINGA,12,21
292380,29, PARIPIRANGA,1,43
292390,29, PAU BRASIL,8,56
292400,29, PAULO AFONSO,2,5
292430,29, PIATA,24,155
292440,29, PILAO ARCADO,4,15
292460,29, PINDOBACU,7,54
292465,29, PINTADAS,18,28
292467,29, PIRAI DO NORTE,5,8
292470,29, PIRIPA,142,171
292480,29, PIRITIBA,4,41
292490,29, PLANALTINO,46,1
292500,29, PLANALTO,13,79
292510,29, POCOES,52,303
292520,29, POJUCA,3,10
292525,29, PONTO NOVO,2,13
292530,29, PORTO SEGURO,15,14
292540,29, POTIRAGUA,33,39
292560,29, PRESIDENTE DUTRA,1,50
292570,29, PRESIDENTE JANIO QUADROS,85,193
292575,29, PRESIDENTE TANCREDO NEVES,6,50
292580,29, QUEIMADAS,1,4
292593,29, QUIXABEIRA,1,4
292595,29, RAFAEL JAMBEIRO,86,78
292600,29, REMANSO,19,95
292610,29, RETIROLANDIA,6,28
292620,29, RIACHAO DAS NEVES,35,4
292630,29, RIACHAO DO JACUIPE,2,27
292640,29, RIACHO DE SANTANA,58,150
292650,29, RIBEIRA DO AMPARO,1,13
292660,29, RIBEIRA DO POMBAL,1,41
292665,29, RIBEIRAO DO LARGO,7,13
292670,29, RIO DE CONTAS,2,54
292680,29, RIO DO ANTONIO,27,67
292690,29, RIO DO PIRES,7,20
292700,29, RIO REAL,5,26
292720,29, RUY BARBOSA,27,88
292740,29, SALVADOR,87,57
292770,29, SANTA CRUZ CABRALIA,4,4
292780,29, SANTA CRUZ DA VITORIA,4,17
292790,29, SANTA INES,15,42
292810,29, SANTA MARIA DA VITORIA,102,290
292820,29, SANTANA,131,36
292830,29, SANTANOPOLIS,1,15
292840,29, SANTA RITA DE CASSIA,30,60
292850,29, SANTA TERESINHA,32,48
292870,29, SANTO ANTONIO DE JESUS,12,103
292880,29, SANTO ESTEVAO,82,199
292890,29, SAO DESIDERIO,22,44
292895,29, SAO DOMINGOS,6,12
292900,29, SAO FELIX,1,19
292905,29, SAO FELIX DO CORIBE,1,26
292910,29, SAO FELIPE,2,8
292920,29, SAO FRANCISCO DO CONDE,6,14
292925,29, SAO GABRIEL,3,17
292930,29, SAO GONCALO DOS CAMPOS,5,14
292950,29, SAO SEBASTIAO DO PASSE,7,5
292960,29, SAPEACU,22,131
292980,29, SAUDE,3,19
292990,29, SEABRA,47,268
293000,29, SEBASTIAO LARANJEIRAS,40,49
293010,29, SENHOR DO BONFIM,94,111
293015,29, SERRA DO RAMALHO,37,60
293020,29, SENTO SE,14,32
293030,29, SERRA DOURADA,76,74
293050,29, SERRINHA,2,97
293060,29, SERROLANDIA,30,36
293070,29, SIMOES FILHO,8,56
293075,29, SITIO DO MATO,11,11
293077,29, SOBRADINHO,1,7
293080,29, SOUTO SOARES,7,60
293090,29, TABOCAS DO BREJO VELHO,83,5
293100,29, TANHACU,6,47
293105,29, TANQUE NOVO,100,121
293110,29, TANQUINHO,9,16
293135,29, TEIXEIRA DE FREITAS,51,61
293140,29, TEODORO SAMPAIO,5,5
293150,29, TEOFILANDIA,16,41
293160,29, TEOLANDIA,2,17
293180,29, TREMEDAL,66,238
293190,29, TUCANO,1,64
293200,29, UAUA,2,18
293210,29, UBAIRA,34,11
293240,29, UIBAI,11,6
293250,29, UNA,3,13
293260,29, URANDI,119,101
293270,29, URUCUCA,2,3
293280,29, UTINGA,81,2
293300,29, VALENTE,1,44
293305,29, VARZEA DA ROCA,1,61
293310,29, VARZEA DO POCO,3,9
293315,29, VARZEA NOVA,11,10
293320,29, VERA CRUZ,10,14
293330,29, VITORIA DA CONQUISTA,196,457
293340,29, WAGNER,31,29
293345,29, WANDERLEY,24,28
293350,29, WENCESLAU GUIMARAES,4,9
293360,29, XIQUE-XIQUE,1,4
310020,31, ABAETE,9,62
310030,31, ABRE CAMPO,31,145
310070,31, AGUA COMPRIDA,30,34
310090,31, AGUAS FORMOSAS,12,38
310100,31, AGUAS VERMELHAS,50,43
310110,31, AIMORES,12,38
310160,31, ALFENAS,6,76
310170,31, ALMENARA,7,115
310220,31, ALVARENGA,6,65
310230,31, ALVINOPOLIS,28,79
310240,31, ALVORADA DE MINAS,7,10
310260,31, ANDRADAS,8,26
310270,31, CACHOEIRA DE PAJEU,1,53
310280,31, ANDRELANDIA,2,7
310300,31, ANTONIO DIAS,1,10
310340,31, ARACUAI,21,16
310350,31, ARAGUARI,33,245
310375,31, ARAPORA,10,9
310400,31, ARAXA,58,140
310420,31, ARCOS,5,82
310450,31, ARINOS,23,43
310460,31, ASTOLFO DUTRA,14,2
310470,31, ATALEIA,4,18
310500,31, BALDIM,2,10
310510,31, BAMBUI,1,45
310520,31, BANDEIRA,22,27
310540,31, BARAO DE COCAIS,6,18
310550,31, BARAO DE MONTE ALTO,2,4
310560,31, BARBACENA,1,8
310620,31, BELO HORIZONTE,862,1072
310630,31, BELO ORIENTE,72,19
310640,31, BELO VALE,1,16
310650,31, BERILO,32,101
310660,31, BERTOPOLIS,13,5
310665,31, BERIZAL,8,6
310670,31, BETIM,51,95
310680,31, BIAS FORTES,2,1
310710,31, BOA ESPERANCA,4,39
310730,31, BOCAIUVA,185,481
310740,31, BOM DESPACHO,10,105
310780,31, BOM JESUS DO GALHO,23,14
310800,31, BOM SUCESSO,5,13
310850,31, BOTUMIRIM,2,14
310860,31, BRASILIA DE MINAS,88,417
310870,31, BRAS PIRES,2,3
310890,31, BRAZOPOLIS,4,7
310900,31, BRUMADINHO,1,11
310910,31, BUENO BRANDAO,2,21
310925,31, BUGRE,3,5
310930,31, BURITIS,13,169
310940,31, BURITIZEIRO,28,106
310980,31, CACHOEIRA DOURADA,1,6
310990,31, CAETANOPOLIS,13,45
311000,31, CAETE,3,4
311030,31, CALDAS,5,14
311090,31, CAMPANHA,5,11
311110,31, CAMPINA VERDE,135,115
311120,31, CAMPO BELO,1,6
311140,31, CAMPO FLORIDO,18,44
311150,31, CAMPOS ALTOS,2,14
311170,31, CANAA,1,10
311180,31, CANAPOLIS,17,39
311220,31, CAPELA NOVA,1,1
311230,31, CAPELINHA,56,83
311250,31, CAPIM BRANCO,2,2
311260,31, CAPINOPOLIS,54,184
311265,31, CAPITAO ANDRADE,4,25
311270,31, CAPITAO ENEAS,1,40
311290,31, CAPUTIRA,1,63
311300,31, CARAI,19,47
311320,31, CARANDAI,2,3
311330,31, CARANGOLA,13,46
311340,31, CARATINGA,153,357
311350,31, CARBONITA,68,54
311370,31, CARLOS CHAGAS,14,145
311380,31, CARMESIA,15,17
311410,31, CARMO DE MINAS,1,1
311430,31, CARMO DO PARANAIBA,1,72
311440,31, CARMO DO RIO CLARO,1,2
311455,31, CARNEIRINHO,25,55
311530,31, CATAGUASES,4,165
311547,31, CATUTI,12,49
311570,31, CENTRAL DE MINAS,16,83
311580,31, CENTRALINA,1,54
311600,31, CHALE,3,16
311610,31, CHAPADA DO NORTE,15,14
311690,31, COMENDADOR GOMES,13,34
311700,31, COMERCINHO,52,77
311730,31, CONCEICAO DAS ALAGOAS,200,108
311740,31, CONCEICAO DE IPANEMA,7,15
311783,31, CONEGO MARINHO,15,19
311800,31, CONGONHAS,8,10
311820,31, CONQUISTA,68,29
311830,31, CONSELHEIRO LAFAIETE,4,7
311840,31, CONSELHEIRO PENA,54,93
311860,31, CONTAGEM,42,59
311870,31, COQUEIRAL,10,32
311880,31, CORACAO DE JESUS,46,201
311910,31, CORINTO,69,266
311920,31, COROACI,7,75
311930,31, COROMANDEL,3,57
311940,31, CORONEL FABRICIANO,5,59
311950,31, CORONEL MURTA,3,13
312030,31, CRISTALIA,5,16
312087,31, CURRAL DE DENTRO,9,25
312090,31, CURVELO,50,438
312120,31, DELFINOPOLIS,13,21
312125,31, DELTA,5,4
312160,31, DIAMANTINA,2,13
312180,31, DIONISIO,23,31
312200,31, DIVINO,9,62
312210,31, DIVINO DAS LARANJEIRAS,9,59
312230,31, DIVINOPOLIS,3,10
312245,31, DIVISOPOLIS,2,20
312247,31, DOM BOSCO,1,4
312260,31, DOM JOAQUIM,21,40
312270,31, DOM SILVERIO,3,42
312310,31, DORES DE GUANHAES,1,29
312320,31, DORES DO INDAIA,1,2
312352,31, DURANDE,3,16
312360,31, ELOI MENDES,4,19
312380,31, ENGENHEIRO NAVARRO,17,20
312400,31, ERVALIA,1,10
312410,31, ESMERALDAS,4,18
312420,31, ESPERA FELIZ,7,7
312430,31, ESPINOSA,143,122
312480,31, ESTRELA DO SUL,10,48
312490,31, EUGENOPOLIS,1,1
312510,31, EXTREMA,4,15
312540,31, FELICIO DOS SANTOS,1,4
312550,31, SAO GONCALO DO RIO PRETO,3,13
312560,31, FELISBURGO,5,31
312570,31, FELIXLANDIA,29,118
312590,31, FERROS,41,117
312595,31, FERVEDOURO,2,19
312610,31, FORMIGA,16,72
312620,31, FORMOSO,2,40
312650,31, FRANCISCO BADARO,22,49
312660,31, FRANCISCO DUMONT,17,25
312670,31, FRANCISCO SA,17,104
312680,31, FREI GASPAR,2,1
312690,31, FREI INOCENCIO,32,17
312700,31, FRONTEIRA,10,37
312707,31, FRUTA DE LEITE,4,21
312710,31, FRUTAL,106,351
312720,31, FUNILANDIA,1,4
312730,31, GALILEIA,13,80
312733,31, GAMELEIRAS,1,15
312760,31, GOUVEIA,2,24
312770,31, GOVERNADOR VALADARES,463,756
312780,31, GRAO MOGOL,24,37
312790,31, GRUPIARA,5,10
312800,31, GUANHAES,122,148
312825,31, GUARACIAMA,6,32
312830,31, GUARANESIA,5,18
312840,31, GUARANI,9,33
312870,31, GUAXUPE,24,95
312900,31, GUIRICEMA,8,15
312910,31, GURINHATA,37,59
312920,31, HELIODORA,1,4
312930,31, IAPU,14,11
312950,31, IBIA,5,25
312960,31, IBIAI,13,30
312965,31, IBIRACATU,42,51
312970,31, IBIRACI,3,2
313005,31, ICARAI DE MINAS,34,29
313030,31, IGUATAMA,1,20
313050,31, ILICINEA,9,23
313060,31, INCONFIDENTES,3,2
313065,31, INDAIABIRA,1,25
313090,31, INHAPIM,87,101
313100,31, INHAUMA,2,8
313120,31, IPANEMA,93,228
313130,31, IPATINGA,66,347
313140,31, IPIACU,5,34
313160,31, IRAI DE MINAS,5,10
313170,31, ITABIRA,153,168
313180,31, ITABIRINHA,5,79
313190,31, ITABIRITO,2,32
313200,31, ITACAMBIRA,2,6
313210,31, ITACARAMBI,18,153
313220,31, ITAGUARA,2,1
313230,31, ITAIPE,10,10
313240,31, ITAJUBA,2,19
313250,31, ITAMARANDIBA,14,79
313270,31, ITAMBACURI,105,176
313280,31, ITAMBE DO MATO DENTRO,29,22
313320,31, ITANHOMI,15,94
313330,31, ITAOBIM,44,133
313340,31, ITAPAGIPE,58,105
313380,31, ITAUNA,3,52
313400,31, ITINGA,9,14
313420,31, ITUIUTABA,408,479
313440,31, ITURAMA,43,277
313460,31, JABOTICATUBAS,14,48
313470,31, JACINTO,16,18
313490,31, JACUTINGA,37,41
313505,31, JAIBA,102,201
313510,31, JANAUBA,45,83
313520,31, JANUARIA,282,570
313535,31, JAPONVAR,13,71
313550,31, JEQUERI,32,46
313560,31, JEQUITAI,20,71
313570,31, JEQUITIBA,2,11
313580,31, JEQUITINHONHA,77,52
313600,31, JOAIMA,4,27
313620,31, JOAO MONLEVADE,8,60
313630,31, JOAO PINHEIRO,22,109
313640,31, JOAQUIM FELICIO,1,5
313650,31, JORDANIA,33,24
313657,31, JOSENOPOLIS,4,25
313670,31, JUIZ DE FORA,49,154
313695,31, JUVENILIA,1,6
313700,31, LADAINHA,12,87
313720,31, LAGOA DA PRATA,37,291
313730,31, LAGOA DOS PATOS,1,15
313760,31, LAGOA SANTA,81,248
313770,31, LAJINHA,14,13
313780,31, LAMBARI,1,3
313800,31, LARANJAL,12,14
313810,31, LASSANCE,20,114
313820,31, LAVRAS,22,70
313835,31, LEME DO PRADO,1,31
313840,31, LEOPOLDINA,7,46
313880,31, LUZ,28,95
313890,31, MACHACALIS,50,89
313900,31, MACHADO,7,23
313920,31, MALACACHETA,27,13
313925,31, MAMONAS,49,19
313930,31, MANGA,41,59
313940,31, MANHUACU,75,196
313950,31, MANHUMIRIM,5,108
313960,31, MANTENA,97,165
313980,31, MAR DE ESPANHA,8,12
314000,31, MARIANA,14,40
314010,31, MARILAC,5,44
314050,31, MARTINHO CAMPOS,44,44
314055,31, MATA VERDE,1,20
314070,31, MATEUS LEME,3,33
314080,31, MATIAS BARBOSA,6,3
314085,31, MATIAS CARDOSO,6,40
314090,31, MATIPO,18,211
314100,31, MATO VERDE,13,44
314110,31, MATOZINHOS,4,79
314140,31, MEDINA,25,95
314150,31, MENDES PIMENTEL,24,44
314160,31, MERCES,3,7
314180,31, MINAS NOVAS,21,251
314200,31, MIRABELA,20,85
314210,31, MIRADOURO,7,11
314220,31, MIRAI,1,12
314240,31, MOEMA,1,56
314260,31, MONSENHOR PAULO,6,17
314270,31, MONTALVANIA,38,48
314280,31, MONTE ALEGRE DE MINAS,31,36
314290,31, MONTE AZUL,112,97
314300,31, MONTE BELO,4,11
314310,31, MONTE CARMELO,1,209
314320,31, MONTE SANTO DE MINAS,1,29
314330,31, MONTES CLAROS,584,2501
314340,31, MONTE SIAO,11,57
314345,31, MONTEZUMA,25,50
314350,31, MORADA NOVA DE MINAS,17,65
314370,31, MORRO DO PILAR,16,20
314390,31, MURIAE,20,27
314400,31, MUTUM,4,35
314420,31, NACIP RAYDAN,8,27
314430,31, NANUQUE,177,115
314440,31, NATERCIA,3,6
314450,31, NAZARENO,3,3
314460,31, NEPOMUCENO,1,45
314465,31, NINHEIRA,33,52
314470,31, NOVA ERA,16,43
314500,31, NOVA PONTE,26,77
314520,31, NOVA SERRANA,3,68
314530,31, NOVO CRUZEIRO,8,89
314535,31, NOVO ORIENTE DE MINAS,8,79
314560,31, OLIVEIRA,1,4
314585,31, ORATORIOS,1,28
314600,31, OURO FINO,42,15
314610,31, OURO PRETO,9,8
314625,31, PADRE CARVALHO,2,7
314630,31, PADRE PARAISO,4,99
314640,31, PAINEIRAS,1,41
314655,31, PAI PEDRO,1,19
314660,31, PAIVA,1,2
314670,31, PALMA,2,29
314675,31, PALMOPOLIS,5,2
314690,31, PAPAGAIOS,3,20
314700,31, PARACATU,43,256
314720,31, PARAGUACU,8,42
314740,31, PARAOPEBA,38,47
314750,31, PASSABEM,39,56
314770,31, PASSA TEMPO,1,1
314790,31, PASSOS,19,257
314795,31, PATIS,12,8
314800,31, PATOS DE MINAS,104,297
314810,31, PATROCINIO,38,113
314850,31, PAVAO,80,29
314860,31, PECANHA,24,35
314870,31, PEDRA AZUL,70,112
314920,31, PEDRINOPOLIS,3,9
314930,31, PEDRO LEOPOLDO,6,25
314970,31, PERDIGAO,4,12
314980,31, PERDIZES,5,5
315057,31, PINTOPOLIS,16,37
315070,31, PIRAJUBA,20,40
315080,31, PIRANGA,6,8
315120,31, PIRAPORA,145,336
315130,31, PIRAUBA,6,1
315150,31, PIUMHI,2,55
315180,31, POCOS DE CALDAS,14,49
315190,31, POCRANE,7,94
315200,31, POMPEU,13,170
315210,31, PONTE NOVA,156,185
315213,31, PONTO CHIQUE,2,32
315220,31, PORTEIRINHA,172,398
315240,31, POTE,20,68
315250,31, POUSO ALEGRE,4,23
315280,31, PRATA,34,126
315310,31, PRESIDENTE BERNARDES,5,14
315340,31, PRESIDENTE OLEGARIO,1,24
315370,31, QUARTEL GERAL,1,2
315400,31, RAUL SOARES,118,256
315430,31, RESPLENDOR,163,145
315450,31, RIACHO DOS MACHADOS,18,25
315490,31, RIO CASCA,30,56
315510,31, RIO DO PRADO,5,17
315520,31, RIO ESPERA,1,3
315540,31, RIO NOVO,7,35
315560,31, RIO PARDO DE MINAS,83,36
315570,31, RIO PIRACICABA,7,1
315580,31, RIO POMBA,4,45
315590,31, RIO PRETO,1,3
315650,31, RUBELITA,2,16
315660,31, RUBIM,20,52
315680,31, SABINOPOLIS,17,79
315690,31, SACRAMENTO,34,61
315700,31, SALINAS,169,414
315710,31, SALTO DA DIVISA,45,30
315720,31, SANTA BARBARA,25,41
315737,31, SANTA CRUZ DE SALINAS,4,18
315740,31, SANTA CRUZ DO ESCALVADO,4,13
315760,31, SANTA FE DE MINAS,4,9
315780,31, SANTA LUZIA,1,22
315790,31, SANTA MARGARIDA,13,57
315800,31, SANTA MARIA DE ITABIRA,71,123
315810,31, SANTA MARIA DO SALTO,5,17
315820,31, SANTA MARIA DO SUACUI,19,14
315830,31, SANTANA DA VARGEM,1,12
315850,31, SANTANA DE PIRAPAMA,3,24
315960,31, SANTA RITA DO SAPUCAI,3,8
315980,31, SANTA VITORIA,129,230
316010,31, SANTO ANTONIO DO GRAMA,4,13
316030,31, SANTO ANTONIO DO JACINTO,77,67
316040,31, SANTO ANTONIO DO MONTE,2,12
316045,31, SANTO ANTONIO DO RETIRO,2,27
316050,31, SANTO ANTONIO DO RIO ABAIXO,20,9
316070,31, SANTOS DUMONT,5,1
316100,31, SAO DOMINGOS DO PRATA,47,65
316110,31, SAO FRANCISCO,181,251
316160,31, SAO GERALDO DA PIEDADE,20,19
316170,31, SAO GONCALO DO ABAETE,2,5
316190,31, SAO GONCALO DO RIO ABAIXO,1,13
316200,31, SAO GONCALO DO SAPUCAI,2,39
316210,31, SAO GOTARDO,9,27
316240,31, SAO JOAO DA PONTE,17,183
316245,31, SAO JOAO DAS MISSOES,20,34
316250,31, SAO JOAO DEL REI,6,24
316257,31, SAO JOAO DO MANTENINHA,20,40
316260,31, SAO JOAO DO ORIENTE,2,5
316265,31, SAO JOAO DO PACUI,3,15
316270,31, SAO JOAO DO PARAISO,68,94
316280,31, SAO JOAO EVANGELISTA,37,13
316290,31, SAO JOAO NEPOMUCENO,26,130
316300,31, SAO JOSE DA SAFIRA,44,36
316340,31, SAO JOSE DO GOIABAL,12,54
316370,31, SAO LOURENCO,1,12
316400,31, SAO PEDRO DOS FERROS,13,10
316420,31, SAO ROMAO,23,47
316430,31, SAO ROQUE DE MINAS,1,6
316470,31, SAO SEBASTIAO DO PARAISO,27,38
316480,31, SAO SEBASTIAO DO RIO PRETO,1,25
316500,31, SAO TIAGO,1,9
316510,31, SAO TOMAS DE AQUINO,1,16
316555,31, SETUBINHA,3,3
316556,31, SEM-PEIXE,2,17
316610,31, SENHORA DO PORTO,1,3
316620,31, SENHORA DOS REMEDIOS,1,3
316680,31, SERRA DO SALITRE,1,43
316695,31, SERRANOPOLIS DE MINAS,15,9
316710,31, SERRO,71,120
316720,31, SETE LAGOAS,11,125
316800,31, TAIOBEIRAS,18,161
316810,31, TAPIRA,12,24
316830,31, TAQUARACU DE MINAS,8,22
316840,31, TARUMIRIM,39,13
316850,31, TEIXEIRAS,4,1
316860,31, TEOFILO OTONI,224,563
316870,31, TIMOTEO,30,38
316920,31, TOMBOS,5,13
316930,31, TRES CORACOES,1,17
316940,31, TRES PONTAS,31,112
316950,31, TUMIRITINGA,9,50
316960,31, TUPACIGUARA,7,4
316970,31, TURMALINA,62,110
316990,31, UBA,11,39
317000,31, UBAI,4,11
317010,31, UBERABA,274,879
317020,31, UBERLANDIA,129,269
317030,31, UMBURATIBA,22,23
317040,31, UNAI,49,266
317043,31, UNIAO DE MINAS,2,29
317052,31, URUCUIA,31,103
317057,31, VARGEM ALEGRE,13,17
317065,31, VARGEM GRANDE DO RIO PARDO,14,40
317070,31, VARGINHA,16,71
317080,31, VARZEA DA PALMA,167,375
317090,31, VARZELANDIA,37,178
317110,31, VERISSIMO,13,15
317120,31, VESPASIANO,1,17
317130,31, VICOSA,14,91
317160,31, VIRGEM DA LAPA,27,2
317180,31, VIRGINOPOLIS,15,29
317190,31, VIRGOLANDIA,8,58
317200,31, VISCONDE DO RIO BRANCO,48,29
317210,31, VOLTA GRANDE,2,9
320020,32, ALEGRE,2,8
320030,32, ALFREDO CHAVES,3,3
320040,32, ANCHIETA,2,2
320060,32, ARACRUZ,16,61
320070,32, ATILIO VIVACQUA,7,11
320080,32, BAIXO GUANDU,32,15
320090,32, BARRA DE SAO FRANCISCO,447,525
320100,32, BOA ESPERANCA,27,132
320120,32, CACHOEIRO DE ITAPEMIRIM,5,29
320140,32, CASTELO,2,12
320150,32, COLATINA,58,173
320160,32, CONCEICAO DA BARRA,9,29
320170,32, CONCEICAO DO CASTELO,12,8
320190,32, DOMINGOS MARTINS,8,27
320210,32, ECOPORANGA,69,155
320220,32, FUNDAO,3,36
320225,32, GOVERNADOR LINDENBERG,8,64
320230,32, GUACUI,1,1
320240,32, GUARAPARI,6,9
320245,32, IBATIBA,8,19
320250,32, IBIRACU,9,9
320270,32, ITAGUACU,7,25
320290,32, ITARANA,9,50
320300,32, IUNA,4,12
320313,32, JOAO NEIVA,2,25
320316,32, LARANJA DA TERRA,53,50
320320,32, LINHARES,15,113
320330,32, MANTENOPOLIS,34,40
320334,32, MARECHAL FLORIANO,3,11
320335,32, MARILANDIA,49,80
320350,32, MONTANHA,14,138
320360,32, MUCURICI,15,92
320370,32, MUNIZ FREIRE,2,15
320380,32, MUQUI,3,2
320390,32, NOVA VENECIA,155,318
320400,32, PANCAS,8,107
320405,32, PEDRO CANARIO,32,129
320410,32, PINHEIROS,9,95
320425,32, PONTO BELO,2,3
320430,32, PRESIDENTE KENNEDY,1,12
320435,32, RIO BANANAL,33,120
320450,32, SANTA LEOPOLDINA,5,8
320455,32, SANTA MARIA DE JETIBA,3,12
320460,32, SANTA TERESA,18,57
320470,32, SAO GABRIEL DA PALHA,141,237
320490,32, SAO MATEUS,5,110
320495,32, SAO ROQUE DO CANAA,11,36
320503,32, VARGEM ALTA,1,4
320506,32, VENDA NOVA DO IMIGRANTE,11,31
320517,32, VILA VALERIO,13,57
320530,32, VITORIA,82,17
330010,33, ANGRA DOS REIS,2,1
330020,33, ARARUAMA,3,17
330022,33, AREAL,20,15
330030,33, BARRA DO PIRAI,5,12
330100,33, CAMPOS DOS GOYTACAZES,7,21
330120,33, CARMO,1,11
330160,33, DUAS BARRAS,1,1
330210,33, ITAOCARA,6,11
330220,33, ITAPERUNA,8,24
330260,33, MANGARATIBA,1,2
330310,33, NATIVIDADE,2,1
330340,33, NOVA FRIBURGO,5,25
330360,33, PARACAMBI,1,1
330380,33, PARATY,1,2
330390,33, PETROPOLIS,8,47
330395,33, PINHEIRAL,35,13
330410,33, PORCIUNCULA,1,3
330412,33, QUATIS,2,6
330450,33, RIO DAS FLORES,15,43
330455,33, RIO DE JANEIRO,7,12
330470,33, SANTO ANTONIO DE PADUA,1,4
330475,33, SAO FRANCISCO DE ITABAPOANA,41,61
330480,33, SAO FIDELIS,2,21
330570,33, SUMIDOURO,4,2
330580,33, TERESOPOLIS,2,49
330600,33, TRES RIOS,12,88
330610,33, VALENCA,1,31
330620,33, VASSOURAS,2,33
330630,33, VOLTA REDONDA,13,38
350010,35, ADAMANTINA,6,97
350020,35, ADOLFO,1,10
350050,35, AGUAS DE LINDOIA,2,55
350055,35, AGUAS DE SANTA BARBARA,1,39
350070,35, AGUDOS,2,7
350090,35, ALTAIR,14,17
350100,35, ALTINOPOLIS,7,28
350110,35, ALTO ALEGRE,1,33
350115,35, ALUMINIO,3,12
350120,35, ALVARES FLORENCE,9,27
350160,35, AMERICANA,109,503
350180,35, AMERICO DE CAMPOS,1,26
350190,35, AMPARO,50,80
350210,35, ANDRADINA,59,634
350230,35, ANHEMBI,9,45
350250,35, APARECIDA,33,60
350270,35, APIAI,1,2
350275,35, ARACARIGUAMA,8,16
350280,35, ARACATUBA,40,1037
350290,35, ARACOIABA DA SERRA,2,2
350320,35, ARARAQUARA,49,256
350330,35, ARARAS,1,27
350380,35, ARTUR NOGUEIRA,5,28
350400,35, ASSIS,4,33
350410,35, ATIBAIA,11,48
350420,35, AURIFLAMA,3,102
350450,35, AVARE,6,36
350460,35, BADY BASSITT,4,71
350490,35, BANANAL,9,9
350510,35, BARBOSA,6,59
350520,35, BARIRI,4,125
350530,35, BARRA BONITA,1,107
350550,35, BARRETOS,12,165
350570,35, BARUERI,3,16
350580,35, BASTOS,23,205
350590,35, BATATAIS,94,108
350600,35, BAURU,66,408
350610,35, BEBEDOURO,82,281
350620,35, BENTO DE ABREU,3,5
350650,35, BIRIGUI,11,544
350710,35, BOM JESUS DOS PERDOES,1,3
350740,35, BORBOREMA,3,114
350750,35, BOTUCATU,36,148
350760,35, BRAGANCA PAULISTA,64,146
350770,35, BRAUNA,1,21
350780,35, BRODOWSKI,22,26
350790,35, BROTAS,27,81
350810,35, BURITAMA,3,193
350850,35, CACAPAVA,3,28
350860,35, CACHOEIRA PAULISTA,11,23
350870,35, CACONDE,1,3
350880,35, CAFELANDIA,10,44
350900,35, CAIEIRAS,3,19
350925,35, CAJATI,2,1
350930,35, CAJOBI,22,57
350940,35, CAJURU,1,2
350950,35, CAMPINAS,74,419
350960,35, CAMPO LIMPO PAULISTA,18,29
350980,35, CAMPOS NOVOS PAULISTA,5,4
351020,35, CAPAO BONITO,2,3
351040,35, CAPIVARI,4,55
351050,35, CARAGUATATUBA,1,6
351060,35, CARAPICUIBA,3,6
351070,35, CARDOSO,2,140
351080,35, CASA BRANCA,47,112
351100,35, CASTILHO,7,224
351110,35, CATANDUVA,68,205
351150,35, CERQUILHO,3,24
351170,35, CHARQUEADA,12,42
351200,35, COLINA,25,21
351210,35, COLOMBIA,21,55
351230,35, CONCHAS,9,78
351280,35, COSMOPOLIS,2,32
351290,35, COSMORAMA,1,18
351320,35, CRISTAIS PAULISTA,4,7
351340,35, CRUZEIRO,7,31
351370,35, DESCALVADO,15,22
351410,35, DOIS CORREGOS,20,58
351440,35, DRACENA,20,222
351450,35, DUARTINA,16,56
351460,35, DUMONT,8,21
351490,35, ELIAS FAUSTO,3,11
351495,35, EMBAUBA,6,5
351515,35, ENGENHEIRO COELHO,7,10
351518,35, ESPIRITO SANTO DO PINHAL,23,59
351540,35, FARTURA,1,15
351550,35, FERNANDOPOLIS,57,404
351560,35, FERNANDO PRESTES,4,19
351565,35, FERNAO,1,8
351600,35, FLORIDA PAULISTA,5,70
351620,35, FRANCA,168,540
351630,35, FRANCISCO MORATO,9,149
351640,35, FRANCO DA ROCHA,20,128
351670,35, GARCA,4,52
351685,35, GAVIAO PEIXOTO,2,16
351700,35, GETULINA,1,49
351710,35, GLICERIO,3,16
351740,35, GUAIRA,110,188
351750,35, GUAPIACU,4,42
351770,35, GUARA,5,23
351780,35, GUARACAI,4,113
351810,35, GUARANTA,5,15
351820,35, GUARARAPES,33,246
351840,35, GUARATINGUETA,63,142
351880,35, GUARULHOS,15,79
351885,35, GUATAPARA,1,16
351905,35, HOLAMBRA,10,19
351907,35, HORTOLANDIA,22,119
351910,35, IACANGA,2,29
351920,35, IACRI,4,52
351940,35, IBIRA,3,44
351950,35, IBIRAREMA,1,3
351960,35, IBITINGA,1,206
351990,35, IEPE,1,20
352010,35, IGARAPAVA,125,197
352020,35, IGARATA,1,2
352044,35, ILHA SOLTEIRA,1,114
352100,35, IPERO,14,18
352115,35, IPIGUA,10,36
352130,35, IPUA,20,41
352140,35, IRACEMAPOLIS,10,13
352160,35, IRAPURU,1,3
352190,35, ITAJOBI,3,72
352230,35, ITAPETININGA,3,20
352240,35, ITAPEVA,2,7
352250,35, ITAPEVI,1,14
352260,35, ITAPIRA,107,182
352310,35, ITAQUAQUECETUBA,1,1
352320,35, ITARARE,9,12
352340,35, ITATIBA,17,29
352350,35, ITATINGA,6,32
352360,35, ITIRAPINA,15,25
352390,35, ITU,75,180
352410,35, ITUVERAVA,27,92
352420,35, JABORANDI,5,11
352430,35, JABOTICABAL,131,157
352440,35, JACAREI,2,10
352480,35, JALES,9,255
352500,35, JANDIRA,3,4
352510,35, JARDINOPOLIS,1,115
352520,35, JARINU,16,18
352530,35, JAU,8,315
352550,35, JOANOPOLIS,1,1
352570,35, JOSE BONIFACIO,2,151
352590,35, JUNDIAI,50,63
352600,35, JUNQUEIROPOLIS,24,162
352640,35, LARANJAL PAULISTA,1,52
352650,35, LAVINIA,1,16
352670,35, LEME,1,39
352680,35, LENCOIS PAULISTA,18,34
352690,35, LIMEIRA,287,668
352700,35, LINDOIA,2,12
352710,35, LINS,45,158
352720,35, LORENA,22,89
352730,35, LOUVEIRA,1,18
352770,35, LUIZIANIA,7,59
352840,35, MAIRINQUE,1,19
352850,35, MAIRIPORA,24,17
352860,35, MANDURI,2,6
352885,35, MARAPOAMA,2,8
352900,35, MARILIA,35,190
352920,35, MARTINOPOLIS,7,47
352930,35, MATAO,1,142
352940,35, MAUA,2,3
352950,35, MENDONCA,1,69
353010,35, MIRANDOPOLIS,90,372
353020,35, MIRANTE DO PARANAPANEMA,11,158
353040,35, MIRASSOLANDIA,10,63
353050,35, MOCOCA,38,214
353060,35, MOGI DAS CRUZES,8,15
353070,35, MOGI GUACU,8,33
353080,35, MOGI MIRIM,29,117
353130,35, MONTE ALTO,36,19
353150,35, MONTE AZUL PAULISTA,32,67
353190,35, MORRO AGUDO,31,102
353205,35, MOTUCA,3,6
353210,35, MURUTINGA DO SUL,7,31
353220,35, NARANDIBA,1,14
353250,35, NEVES PAULISTA,1,56
353280,35, NOVA ALIANCA,10,45
353300,35, NOVA GRANADA,150,128
353320,35, NOVA INDEPENDENCIA,9,12
353340,35, NOVA ODESSA,15,67
353350,35, NOVO HORIZONTE,1,114
353360,35, NUPORANGA,6,16
353390,35, OLIMPIA,381,255
353400,35, ONDA VERDE,19,48
353460,35, OSVALDO CRUZ,3,24
353470,35, OURINHOS,26,337
353475,35, OUROESTE,2,111
353480,35, OURO VERDE,1,18
353500,35, PALESTINA,46,131
353510,35, PALMARES PAULISTA,1,30
353540,35, PANORAMA,84,30
353550,35, PARAGUACU PAULISTA,11,36
353570,35, PARAISO,21,50
353600,35, PARAPUA,2,25
353610,35, PARDINHO,2,8
353625,35, PARISI,2,10
353630,35, PATROCINIO PAULISTA,2,25
353640,35, PAULICEIA,15,77
353660,35, PAULO DE FARIA,4,32
353700,35, PEDREGULHO,1,7
353730,35, PENAPOLIS,1,231
353740,35, PEREIRA BARRETO,17,125
353750,35, PEREIRAS,1,6
353770,35, PIACATU,2,28
353800,35, PINDAMONHANGABA,29,160
353820,35, PINHALZINHO,5,31
353870,35, PIRACICABA,371,1271
353880,35, PIRAJU,8,32
353890,35, PIRAJUI,48,23
353900,35, PIRANGI,12,24
353910,35, PIRAPORA DO BOM JESUS,4,16
353930,35, PIRASSUNUNGA,4,101
353950,35, PITANGUEIRAS,15,67
353960,35, PLANALTO,3,9
354000,35, POMPEIA,8,24
354020,35, PONTAL,2,85
354025,35, PONTALINDA,1,14
354030,35, PONTES GESTAL,3,19
354060,35, PORTO FELIZ,13,79
354070,35, PORTO FERREIRA,8,97
354075,35, POTIM,6,21
354080,35, POTIRENDABA,22,116
354090,35, PRADOPOLIS,9,51
354100,35, PRAIA GRANDE,3,3
354120,35, PRESIDENTE BERNARDES,1,40
354130,35, PRESIDENTE EPITACIO,3,8
354140,35, PRESIDENTE PRUDENTE,8,526
354150,35, PRESIDENTE VENCESLAU,2,274
354160,35, PROMISSAO,5,121
354190,35, QUELUZ,15,16
354220,35, RANCHARIA,33,60
354250,35, REGINOPOLIS,5,40
354330,35, RIBEIRAO PIRES,1,1
354340,35, RIBEIRAO PRETO,273,1581
354370,35, RINCAO,13,20
354390,35, RIO CLARO,6,71
354420,35, RIOLANDIA,7,64
354430,35, ROSEIRA,5,12
354440,35, RUBIACEA,10,2
354460,35, SABINO,1,7
354490,35, SALES OLIVEIRA,2,1
354510,35, SALMOURAO,11,12
354515,35, SALTINHO,5,35
354520,35, SALTO,9,19
354540,35, SALTO GRANDE,2,7
354560,35, SANTA ADELIA,10,15
354580,35, SANTA BARBARA D'OESTE,10,261
354660,35, SANTA FE DO SUL,42,301
354680,35, SANTA ISABEL,1,1
354690,35, SANTA LUCIA,1,13
354700,35, SANTA MARIA DA SERRA,21,104
354730,35, SANTANA DE PARNAIBA,13,25
354750,35, SANTA RITA DO PASSA QUATRO,1,16
354770,35, SANTO ANASTACIO,1,42
354780,35, SANTO ANDRE,2,4
354860,35, SAO BENTO DO SAPUCAI,1,2
354890,35, SAO CARLOS,5,44
354910,35, SAO JOAO DA BOA VISTA,9,69
354940,35, SAO JOAQUIM DA BARRA,41,49
354970,35, SAO JOSE DO RIO PARDO,50,133
354980,35, SAO JOSE DO RIO PRETO,124,656
354990,35, SAO JOSE DOS CAMPOS,57,133
355000,35, SAO LUIS DO PARAITINGA,2,8
355020,35, SAO MIGUEL ARCANJO,1,10
355030,35, SAO PAULO,87,325
355040,35, SAO PEDRO,31,141
355070,35, SAO SEBASTIAO,1,1
355140,35, SERRA AZUL,8,12
355170,35, SERTAOZINHO,1,86
355190,35, SEVERINIA,22,72
355200,35, SILVEIRAS,1,8
355210,35, SOCORRO,69,172
355220,35, SOROCABA,20,169
355230,35, SUD MENNUCCI,8,76
355240,35, SUMARE,5,187
355255,35, SUZANAPOLIS,1,11
355260,35, TABAPUA,10,61
355310,35, TAIACU,7,13
355320,35, TAIUVA,6,26
355330,35, TAMBAU,16,109
355340,35, TANABI,16,176
355365,35, TAQUARAL,1,8
355380,35, TAQUARITUBA,1,9
355400,35, TATUI,12,32
355410,35, TAUBATE,80,360
355430,35, TEODORO SAMPAIO,26,98
355450,35, TIETE,23,53
355480,35, TREMEMBE,23,62
355500,35, TUPA,10,250
355510,35, TUPI PAULISTA,39,202
355560,35, UCHOA,4,53
355600,35, URUPES,2,34
355620,35, VALINHOS,18,25
355630,35, VALPARAISO,38,149
355650,35, VARZEA PAULISTA,2,8
355670,35, VINHEDO,3,17
355680,35, VIRADOURO,13,23
355690,35, VISTA ALEGRE DO ALTO,11,29
355700,35, VOTORANTIM,6,17
355710,35, VOTUPORANGA,124,605
355730,35, ESTIVA GERBI,9,12
410010,41, ABATIA,1,3
410050,41, ALTONIA,1,2
410080,41, ALVORADA DO SUL,3,18
410090,41, AMAPORA,1,7
410140,41, APUCARANA,8,15
410150,41, ARAPONGAS,4,8
410160,41, ARAPOTI,2,4
410210,41, ASTORGA,1,11
410230,41, BALSA NOVA,2,2
410240,41, BANDEIRANTES,20,152
410250,41, BARBOSA FERRAZ,1,2
410270,41, BARRA DO JACARE,3,6
410280,41, BELA VISTA DO PARAISO,2,19
410290,41, BITURUNA,2,7
410305,41, BOA VISTA DA APARECIDA,1,4
410350,41, CALIFORNIA,1,1
410360,41, CAMBARA,2,55
410370,41, CAMBE,5,8
410430,41, CAMPO MOURAO,2,6
410442,41, CANDOI,1,20
410470,41, CARLOPOLIS,1,19
410490,41, CASTRO,1,14
410510,41, CENTENARIO DO SUL,10,20
410540,41, CHOPINZINHO,7,12
410550,41, CIANORTE,5,28
410560,41, CIDADE GAUCHA,1,1
410590,41, COLORADO,10,232
410645,41, CORONEL DOMINGOS SOARES,1,5
410650,41, CORONEL VIVIDA,7,18
410670,41, CRUZEIRO DO SUL,3,12
410680,41, CRUZ MACHADO,5,21
410690,41, CURITIBA,8,11
410710,41, DIAMANTE DO NORTE,1,4
410800,41, FLORESTOPOLIS,1,11
410830,41, FOZ DO IGUACU,9,74
410840,41, FRANCISCO BELTRAO,4,2
410845,41, FOZ DO JORDAO,1,8
410860,41, GOIOERE,3,2
410880,41, GUAIRA,1,17
410890,41, GUAIRACA,6,14
410920,41, GUARACI,9,17
410940,41, GUARAPUAVA,8,11
410990,41, ICARAIMA,3,8
411000,41, IGUARACU,4,34
411030,41, INAJA,30,25
411070,41, IRATI,7,3
411090,41, ITAGUAJE,1,31
411125,41, ITAPERUCU,1,1
411180,41, JACAREZINHO,15,35
411190,41, JAGUAPITA,1,8
411260,41, JARDIM OLINDA,1,5
411300,41, JUSSARA,15,65
411330,41, LARANJEIRAS DO SUL,2,13
411350,41, LOANDA,39,94
411370,41, LONDRINA,17,128
411380,41, LUPIONOPOLIS,1,12
411410,41, MANDAGUACU,1,2
411440,41, MANGUEIRINHA,7,27
411460,41, MARECHAL CANDIDO RONDON,1,4
411490,41, MARILANDIA DO SUL,1,2
411500,41, MARILENA,4,12
411520,41, MARINGA,44,204
411600,41, MIRASELVA,2,3
411640,41, NOSSA SENHORA DAS GRACAS,5,21
411700,41, NOVA FATIMA,1,2
411710,41, NOVA LONDRINA,2,12
411760,41, PALMAS,1,2
411770,41, PALMEIRA,40,45
411810,41, PARANACITY,11,58
411840,41, PARANAVAI,20,145
411850,41, PATO BRANCO,6,7
411880,41, PEABIRU,1,6
411930,41, PINHAO,11,31
411940,41, PIRAI DO SUL,16,16
411960,41, PITANGA,1,3
411970,41, PLANALTINA DO PARANA,3,6
411990,41, PONTA GROSSA,91,265
412000,41, PORECATU,7,14
412010,41, PORTO AMAZONAS,6,9
412020,41, PORTO RICO,1,12
412035,41, PRANCHITA,2,3
412100,41, QUERENCIA DO NORTE,2,10
412140,41, REALEZA,1,8
412180,41, RIBEIRAO CLARO,4,36
412210,41, RIO BOM,2,1
412250,41, RONCADOR,1,6
412360,41, SANTA INES,2,8
412370,41, SANTA ISABEL DO IVAI,1,6
412420,41, SANTO ANTONIO DO CAIUA,13,25
412450,41, SANTO INACIO,1,6
412490,41, SAO JOAO DO CAIUA,5,54
412625,41, SARANDI,3,24
412627,41, SAUDADE DO IGUACU,8,20
412630,41, SENGES,6,9
412650,41, SERTANOPOLIS,9,64
412660,41, SIQUEIRA CAMPOS,1,5
412667,41, TAMARANA,2,5
412670,41, TAMBOARA,1,3
412730,41, TERRA RICA,2,25
412750,41, TIBAGI,18,8
412810,41, UMUARAMA,1,17
412820,41, UNIAO DA VITORIA,1,1
412840,41, URAI,1,3
412850,41, WENCESLAU BRAZ,1,27
412853,41, VENTANIA,1,3
420030,42, AGRONOMICA,1,1
420100,42, ANITA GARIBALDI,23,17
420140,42, ARARANGUA,8,8
420207,42, BALNEARIO GAIVOTA,1,2
420240,42, BLUMENAU,1,3
420360,42, CAMPOS NOVOS,1,1
420390,42, CAPINZAL,4,23
420415,42, CELSO RAMOS,5,5
420417,42, CERRO NEGRO,1,1
420430,42, CONCORDIA,6,19
420480,42, CURITIBANOS,24,55
420490,42, DESCANSO,2,3
420540,42, FLORIANOPOLIS,5,12
420640,42, GUARACIABA,3,8
420700,42, ICARA,1,1
420820,42, ITAJAI,1,1
420850,42, ITUPORANGA,2,3
420880,42, JAGUARUNA,3,5
420900,42, JOACABA,8,12
420910,42, JOINVILLE,1,2
420930,42, LAGES,17,30
420940,42, LAGUNA,4,1
421010,42, MAFRA,1,6
421100,42, MONDAI,1,1
421189,42, PAINEL,1,1
421210,42, PALMITOS,2,8
421223,42, PARAISO,8,4
421310,42, PIRATUBA,1,1
421360,42, PORTO UNIAO,8,2
421450,42, RIO DO CAMPO,1,1
421480,42, RIO DO SUL,1,6
421500,42, RIO NEGRINHO,1,4
421670,42, SAO JOSE DO CEDRO,3,3
421720,42, SAO MIGUEL DO OESTE,2,21
421750,42, SEARA,1,3
421860,42, TROMBUDO CENTRAL,5,7
421930,42, VIDEIRA,9,12
421950,42, XANXERE,4,9
430080,43, ANTONIO PRADO,1,25
430105,43, ARROIO DO SAL,5,7
430180,43, BARRACAO,2,3
430210,43, BENTO GONCALVES,1,2
430220,43, BOA VISTA DO BURICA,9,5
430300,43, CACHOEIRA DO SUL,1,9
430370,43, CAMPINA DAS MISSOES,1,2
430463,43, CAPAO DA CANOA,8,2
430510,43, CAXIAS DO SUL,2,13
430590,43, CORONEL BICACO,1,18
430610,43, CRUZ ALTA,5,4
430730,43, ERVAL SECO,4,8
430745,43, ESPERANCA DO SUL,1,1
430820,43, FLORES DA CUNHA,1,3
430912,43, GRAMADO DOS LOUREIROS,1,1
431020,43, IJUI,1,6
431033,43, IMBE,2,4
431270,43, NONOAI,2,2
431370,43, PALMEIRA DAS MISSOES,1,9
431390,43, PANAMBI,1,43
431410,43, PASSO FUNDO,10,7
431417,43, PEDRAS ALTAS,4,4
431531,43, QUATRO IRMAOS,1,1
431600,43, ROLANTE,3,2
431720,43, SANTA ROSA,1,35
431790,43, SANTO CRISTO,3,11
431830,43, SAO GABRIEL,2,5
431860,43, SAO JOSE DO OURO,2,1
431880,43, SAO LOURENCO DO SUL,2,5
432020,43, SEBERI,1,14
432140,43, TENENTE PORTELA,2,3
432143,43, TERRA DE AREIA,3,1
432150,43, TORRES,2,9
432180,43, TRES DE MAIO,1,2
432380,43, XANGRI-LA,2,7
500020,50, AGUA CLARA,1,12
500060,50, AMAMBAI,12,42
500070,50, ANASTACIO,1,2
500090,50, ANTONIO JOAO,1,18
500110,50, AQUIDAUANA,9,24
500150,50, BANDEIRANTES,1,5
500190,50, BATAGUASSU,4,82
500215,50, BODOQUENA,1,4
500220,50, BONITO,1,8
500240,50, CAARAPO,3,8
500270,50, CAMPO GRANDE,107,712
500315,50, CORONEL SAPUCAIA,2,2
500320,50, CORUMBA,93,119
500325,50, COSTA RICA,1,16
500330,50, COXIM,4,49
500345,50, DEODAPOLIS,1,3
500370,50, DOURADOS,3,35
500375,50, ELDORADO,1,10
500380,50, FATIMA DO SUL,1,4
500410,50, GUIA LOPES DA LAGUNA,2,1
500440,50, INOCENCIA,3,30
500460,50, ITAQUIRAI,6,34
500470,50, IVINHEMA,3,14
500515,50, JUTI,1,5
500520,50, LADARIO,3,18
500570,50, NAVIRAI,7,26
500600,50, NOVA ALVORADA DO SUL,1,5
500630,50, PARANAIBA,8,320
500660,50, PONTA PORA,7,76
500690,50, PORTO MURTINHO,1,7
500720,50, RIO BRILHANTE,1,25
500730,50, RIO NEGRO,2,1
500740,50, RIO VERDE DE MATO GROSSO,8,55
500750,50, ROCHEDO,2,12
500769,50, SAO GABRIEL DO OESTE,1,39
500790,50, SIDROLANDIA,15,18
500793,50, SONORA,2,13
500800,50, TERENOS,2,12
500830,50, TRES LAGOAS,8,100
510020,51, AGUA BOA,1,4
510025,51, ALTA FLORESTA,8,4
510080,51, APIACAS,30,21
510100,51, ARAGUAIANA,7,12
510130,51, ARENAPOLIS,3,1
510140,51, ARIPUANA,24,38
510180,51, BARRA DO GARCAS,4,42
510190,51, BRASNORTE,4,9
510267,51, CAMPO VERDE,1,6
510270,51, CANARANA,5,9
510285,51, CASTANHEIRA,2,2
510300,51, CHAPADA DOS GUIMARAES,2,10
510305,51, CLAUDIA,3,5
510320,51, COLIDER,1,6
510325,51, COLNIZA,35,36
510335,51, CONFRESA,1,4
510337,51, COTRIGUACU,58,15
510340,51, CUIABA,153,252
510350,51, DIAMANTINO,10,24
510410,51, GUARANTA DO NORTE,3,10
510455,51, ITAUBA,1,5
510510,51, JUARA,4,6
510515,51, JUINA,14,30
510517,51, JURUENA,19,11
510550,51, VILA BELA DA SANTISSIMA TRINDADE,1,3
510558,51, MARCELANDIA,5,14
510615,51, NOVA BANDEIRANTES,20,2
510621,51, NOVA CANAA DO NORTE,1,6
510622,51, NOVA MUTUM,1,22
510623,51, NOVA OLIMPIA,2,5
510625,51, NOVA XAVANTINA,4,10
510626,51, NOVO MUNDO,2,2
510627,51, NOVO HORIZONTE DO NORTE,2,2
510629,51, PARANAITA,7,6
510642,51, PEIXOTO DE AZEVEDO,3,1
510650,51, POCONE,6,24
510675,51, PONTES E LACERDA,3,8
510718,51, RIBEIRAO CASCALHEIRA,4,2
510719,51, RIBEIRAOZINHO,2,1
510730,51, SAO JOSE DO RIO CLARO,1,5
510760,51, RONDONOPOLIS,6,22
510785,51, SAO FELIX DO ARAGUAIA,1,2
510790,51, SINOP,25,35
510792,51, SORRISO,10,16
510794,51, TABAPORA,4,11
510795,51, TANGARA DA SERRA,8,22
510800,51, TAPURAH,2,2
510820,51, TORIXOREU,4,1
520025,52, AGUAS LINDAS DE GOIAS,3,28
520030,52, ALEXANIA,1,10
520050,52, ALOANDIA,7,9
520080,52, ALVORADA DO NORTE,18,20
520110,52, ANAPOLIS,27,85
520130,52, ANICUNS,1,8
520150,52, APORE,6,1
520235,52, ARENOPOLIS,1,1
520330,52, BELA VISTA DE GOIAS,6,25
520350,52, BOM JESUS DE GOIAS,1,29
520400,52, CABECEIRAS,5,92
520425,52, CACHOEIRA DOURADA,8,12
520450,52, CALDAS NOVAS,2,58
520465,52, CAMPINACU,1,1
520490,52, CAMPOS BELOS,1,18
520505,52, CASTELANDIA,5,49
520510,52, CATALAO,9,130
520540,52, CERES,4,34
520547,52, CHAPADAO DO CEU,1,3
520551,52, COCALZINHO DE GOIAS,2,4
520552,52, COLINAS DO SUL,1,20
520580,52, CORUMBA DE GOIAS,1,8
520590,52, CORUMBAIBA,6,17
520620,52, CRISTALINA,12,144
520753,52, FAINA,1,9
520790,52, FLORES DE GOIAS,4,25
520800,52, FORMOSA,140,386
520830,52, DIVINOPOLIS DE GOIAS,1,8
520850,52, GOIANDIRA,1,4
520860,52, GOIANESIA,3,14
520870,52, GOIANIA,156,343
520880,52, GOIANIRA,1,2
520890,52, GOIAS,3,23
520910,52, GOIATUBA,34,144
520915,52, GOUVELANDIA,1,80
520990,52, IACIARA,33,47
520993,52, INACIOLANDIA,1,49
521010,52, IPAMERI,5,37
521040,52, ITABERAI,4,71
521090,52, ITAPACI,2,11
521150,52, ITUMBIARA,17,116
521180,52, JARAGUA,1,3
521190,52, JATAI,14,21
521230,52, LEOPOLDO DE BULHOES,2,2
521250,52, LUZIANIA,13,69
521270,52, MAMBAI,2,72
521280,52, MARA ROSA,5,2
521290,52, MARZAGAO,1,2
521300,52, MAURILANDIA,3,9
521308,52, MINACU,16,23
521310,52, MINEIROS,3,3
521350,52, MONTE ALEGRE DE GOIAS,11,13
521370,52, MONTES CLAROS DE GOIAS,3,7
521375,52, MONTIVIDIU,1,1
521380,52, MORRINHOS,10,38
521390,52, MOSSAMEDES,1,1
521410,52, MUTUNOPOLIS,1,1
521440,52, NAZARIO,6,20
521460,52, NIQUELANDIA,13,37
521483,52, NOVA CRIXAS,2,13
521550,52, OUVIDOR,6,6
521600,52, PANAMA,1,14
521630,52, PARANAIGUARA,1,33
521710,52, PIRACANJUBA,4,76
521730,52, PIRENOPOLIS,4,77
521740,52, PIRES DO RIO,1,274
521760,52, PLANALTINA,14,18
521800,52, PORANGATU,3,12
521810,52, PORTELANDIA,5,2
521830,52, POSSE,19,106
521850,52, QUIRINOPOLIS,1,20
521880,52, RIO VERDE,18,330
521890,52, RUBIATABA,2,14
521910,52, SANTA BARBARA DE GOIAS,5,21
521970,52, SANTA TEREZINHA DE GOIAS,2,2
521980,52, SAO DOMINGOS,4,20
522000,52, SAO JOAO D'ALIANCA,1,26
522020,52, SAO MIGUEL DO ARAGUAIA,1,21
522040,52, SAO SIMAO,4,97
522060,52, SILVANIA,2,76
522068,52, SIMOLANDIA,1,7
522140,52, TRINDADE,38,138
522160,52, URUACU,2,56
522185,52, VALPARAISO DE GOIAS,2,12
522220,52, VILA BOA,43,32
530010,53, BRASILIA,235,1772
